"Website URL","Is Scam Website","Scam Type","Website Content Notes"
"https://epay-com.tw-lvjie.cyou/goods.php?id=58","Yes","Phishing Website","Listed by TWNIC as a suspected impersonation/phishing website (2026-06-09). Page title: ""綠界科技"". Verified on 2026-06-14: HTTP 200, page loaded successfully, and detected 1 form(s), 15 input field(s), 2 button(s). No data was submitted."
"https://uedksf.shop/7e05295a","Yes","Phishing Website","Listed by TWNIC as a suspected impersonation/phishing website (2026-05-04). Page title: ""💫🎁【安美諾春日煥白季 寵愛自己】下單即贈品牌好禮（不定期更換）每一次收貨，都是被寵愛的驚喜～🌸 保養、抗老、美白、保濕一次到位就讓安美諾替你撐起最溫柔的"". Verified on 2026-06-14: HTTP 200, page loaded successfully, and detected 1 form(s), 32 input field(s), 1 button(s). No data was submitted."
"https://wewoske.online/amiinoFyQtp","Yes","Phishing Website","Listed by TWNIC as a suspected impersonation/phishing website (2026-05-04). Page title: ""【史上最強檔 買一送一 安美諾專為媽祖遶境特別限訂 】媽祖守平安，安美諾守護你的發光肌✨長時間步行 × 強烈日曬🏃 肌膚防護一定要到位！安美諾美白修復霜 ✔️"". Verified on 2026-06-14: HTTP 200, page loaded successfully, and detected 1 form(s), 31 input field(s), 6 button(s). No data was submitted."
"https://weseodf.shop/amiinoFyQtp","Yes","Phishing Website","Listed by TWNIC as a suspected impersonation/phishing website (2026-05-04). Page title: ""【史上最強檔 買一送一 安美諾專為媽祖遶境特別限訂 】媽祖守平安，安美諾守護你的發光肌✨長時間步行 × 強烈日曬🏃 肌膚防護一定要到位！安美諾美白修復霜 ✔️"". Verified on 2026-06-14: HTTP 200, page loaded successfully, and detected 1 form(s), 31 input field(s), 6 button(s). No data was submitted."
"https://lzhvmm.site/3CFcq4-32","Yes","Phishing Website","Listed by TWNIC as a suspected impersonation/phishing website (2026-05-04). Page title: ""【安美諾美白修護霜 5週有效】熱銷TOP美白修護霜 限時夏季補貼下殺56折 專家名人大推↘經實證5週，減少皺紋、斑點、毛孔、紋理 限時買一送一，兩罐僅需NT$-"". Verified on 2026-06-14: HTTP 200, page loaded successfully, and detected 2 form(s), 48 input field(s). No data was submitted."
"https://0001.goodplay.asia","Yes","Phishing Website","Listed on the NPA DNS suspension list; source category: Lottery/Gambling (2026-04). Page title: ""鑫浩盛 | 首頁 - Index"". Verified on 2026-06-14: HTTP 200, page loaded successfully, and detected 1 password field(s), 1 form(s), 7 input field(s), 1 button(s). No data was submitted."
"https://exploretworld.com","Yes","Phishing Website","Listed on the NPA DNS suspension list; source category: Cryptocurrency (2026-05). Page title: ""職場網"". Verified on 2026-06-14: HTTP 200, page loaded successfully, and detected 1 password field(s), 2 form(s), 15 input field(s), 16 button(s). No data was submitted."
"https://www.investingclever.com","Yes","Phishing Website","Listed on the NPA DNS suspension list; source category: Financial Services/Insurance (2026-05). Page title: ""InvestingClever — 港美台股智慧分析"". Verified on 2026-06-14: HTTP 200, page loaded successfully, and detected 5 password field(s), 1 form(s), 18 input field(s), 22 button(s). No data was submitted."
"https://kunlunwanwei.xyz","Yes","Phishing Website","Listed on the NPA DNS suspension list; source category: Financial Services/Insurance (2026-05). Page title: ""&#x767B;&#x5165;"". Verified on 2026-06-14: HTTP 200, page loaded successfully, and detected 1 password field(s), 1 form(s), 3 input field(s), 1 button(s). No data was submitted."
"https://dashboard.zenitfunding.com","Yes","Phishing Website","Listed on the NPA DNS suspension list; source category: Financial Services/Insurance (2026-04). Page title: ""Log in - Zenit Funding"". Verified on 2026-06-14: HTTP 200, page loaded successfully, and detected 1 password field(s), 1 form(s), 5 input field(s), 1 button(s). No data was submitted."
"https://greattreego.com","Yes","Phishing Website","Listed on the NPA DNS suspension list; source category: 醫療保健 (2026-05). Page title: ""藥健康大樹藥局官方店 | 台灣最大男性保健品專賣 | 威而鋼、犀利士、必利勁"". Verified on 2026-06-14: HTTP 200, page loaded successfully, and detected 1 password field(s), 2 form(s), 7 input field(s), 3 button(s). No data was submitted."
"https://poyabyuys.com","Yes","Phishing Website","Listed on the NPA DNS suspension list; source category: E-commerce (2026-04). Page title: ""商城系统登录"". Verified on 2026-06-14: HTTP 200, page loaded successfully, and detected 1 password field(s), 1 form(s), 2 input field(s), 1 button(s). No data was submitted."
"https://www.fbxgysou.com","Yes","Phishing Website","Listed on the NPA DNS suspension list; source category: Financial Services/Insurance (2026-05). Page title: ""FBX"". Verified on 2026-06-14: HTTP 200, page loaded successfully, and detected 1 password field(s), 1 form(s), 4 input field(s). No data was submitted."
"http://keeploocit.com","Yes","Phishing Website","Listed on the NPA DNS suspension list; source category: Financial Services/Insurance (2026-05). Page title: ""keeploocit"". Verified on 2026-06-14: HTTP 200, page loaded successfully, and detected 3 password field(s), 1 form(s), 12 input field(s). No data was submitted."
"https://bgl-dep.com","Yes","Phishing Website","Listed on the NPA DNS suspension list; source category: Financial Services/Insurance (2026-05). Page title: ""BVLGARI 寶格麗香水-台灣專櫃香水"". Verified on 2026-06-14: HTTP 200, page loaded successfully, and detected 2 form(s), 6 input field(s), 11 button(s). No data was submitted."
"https://aly358.xyz","Yes","Phishing Website","Listed on the NPA DNS suspension list; source category: Financial Services/Insurance (2026-05). Page title: ""社會福利回饋協會"". Verified on 2026-06-14: HTTP 200, page loaded successfully, and detected 2 form(s), 8 input field(s), 2 button(s). No data was submitted."
"https://ioveyuelove.com","Yes","Phishing Website","Listed on the NPA DNS suspension list; source category: Financial Services/Insurance (2026-05). Page title: ""ioveyuelove"". Verified on 2026-06-14: HTTP 200, page loaded successfully, and detected 3 password field(s), 1 form(s), 12 input field(s). No data was submitted."
"https://supreme-shop.net","Yes","Phishing Website","Listed on the NPA DNS suspension list; source category: Financial Services/Insurance (2026-05). Page title: ""Supreme官網_Supreme 台灣專櫃-Supreme海外代購 2026新款"". Verified on 2026-06-14: HTTP 200, page loaded successfully, and detected 2 form(s), 6 input field(s), 5 button(s). No data was submitted."
"https://bluep.shop","Yes","Phishing Website","Listed on the NPA DNS suspension list; source category: Financial Services/Insurance (2026-05). Page title: ""FB Ads Pro - Professional Facebook Advertising Services"". Verified on 2026-06-14: HTTP 200, page loaded successfully, and detected 1 form(s), 4 input field(s), 1 button(s). No data was submitted."
"https://www.kunlunwanwei.org","Yes","Phishing Website","Listed on the NPA DNS suspension list; source category: Lottery/Gambling (2026-05). Page title: ""&#x767B;&#x5165;"". Verified on 2026-06-14: HTTP 200, page loaded successfully, and detected 1 password field(s), 1 form(s), 3 input field(s), 1 button(s). No data was submitted."
"http://jinsha889.com","Yes","Phishing Website","Listed on the NPA DNS suspension list; source category: Lottery/Gambling (2026-04). Page title: ""新加坡金沙娛樂"". Verified on 2026-06-14: HTTP 200, page loaded successfully, and detected 1 password field(s), 1 form(s), 2 input field(s), 3 button(s). No data was submitted."
"https://microns.pro","Yes","Phishing Website","Listed on the NPA DNS suspension list; source category: Financial Services/Insurance (2026-05). Page title: ""Micron Technology | 半導體全球領導者 | Micron Technology Inc."". Verified on 2026-06-14: HTTP 200, page loaded successfully, and detected 3 form(s), 6 input field(s), 29 button(s). No data was submitted."
"https://onrunningtw.com","Yes","Phishing Website","Listed on the NPA DNS suspension list; source category: Financial Services/Insurance (2026-05). Page title: ""On 鞋 | On Running昂跑台灣官網"". Verified on 2026-06-14: HTTP 200, page loaded successfully, and detected 3 form(s), 3 input field(s), 6 button(s). No data was submitted."
"https://aly386.xyz","Yes","Phishing Website","Listed on the NPA DNS suspension list; source category: Financial Services/Insurance (2026-05). Page title: ""内政警署送新年福利低價售iPhone17"". Verified on 2026-06-14: HTTP 200, page loaded successfully, and detected 1 form(s), 46 input field(s). No data was submitted."
"https://singapore-arrivalcard.visasyst.com","Yes","Phishing Website","Listed on the NPA DNS suspension list; source category: Financial Services/Insurance (2026-05). Page title: ""SG Arrival Card | singapore-arrivalcard.visasyst.com"". Verified on 2026-06-14: HTTP 200, page loaded successfully, and detected 1 form(s), 2 input field(s), 1 button(s). No data was submitted."
"https://mayshpv-7ll-tw.shop","Yes","Phishing Website","Listed on the NPA DNS suspension list; source category: 運輸倉儲 (2026-05). Page title: ""賣貨便"". Verified on 2026-06-14: HTTP 200, page loaded successfully, and detected 4 form(s), 23 input field(s), 15 button(s). No data was submitted."
"https://cslbehringtw.com","Yes","Phishing Website","Listed on the NPA DNS suspension list; source category: Financial Services/Insurance (2026-04). Page title: ""VEO GROK Rental Dashboard"". Verified on 2026-06-14: HTTP 200, page loaded successfully, and detected 1 password field(s), 9 input field(s), 11 button(s). No data was submitted."
"https://albb.8612573.com","Yes","Phishing Website","Listed on the NPA DNS suspension list; source category: E-commerce (2026-05). Page title: ""阿里巴巴优惠券"". Verified on 2026-06-14: HTTP 200, page loaded successfully, and detected 1 form(s), 6 input field(s). No data was submitted."
"https://tienmai.com","Yes","Fake Shopping Website","Listed on the NPA DNS suspension list; source category: Financial Services/Insurance (2026-05). Page title: ""skychakra"". Verified on 2026-06-14: HTTP 200, page loaded successfully, and detected 1 form(s), 2 input field(s), 12 button(s). No data was submitted."
"https://xingxingmeiz.icu","Yes","Fake Shopping Website","Listed on the NPA DNS suspension list; source category: Financial Services/Insurance (2026-05). Page title: ""Akmall"". Verified on 2026-06-14: HTTP 200, page loaded successfully, and detected 2 form(s), 8 input field(s), 2 button(s). No data was submitted."
"https://wmfeng.club","Yes","Fake Shopping Website","Listed on the NPA DNS suspension list; source category: Financial Services/Insurance (2026-05). Page title: ""kuaixing"". Verified on 2026-06-14: HTTP 200, page loaded successfully, and detected 2 form(s), 2 input field(s), 2 button(s). No data was submitted."
"https://gndmsqk.monster","Yes","Fake Shopping Website","Listed on the NPA DNS suspension list; source category: Financial Services/Insurance (2026-05). Page title: ""kuaixing"". Verified on 2026-06-14: HTTP 200, page loaded successfully, and detected 2 form(s), 2 input field(s), 2 button(s). No data was submitted."
"https://zoomtj.shop","Yes","Fake Shopping Website","Listed on the NPA DNS suspension list; source category: Financial Services/Insurance (2026-05). Page title: ""泌尿科醫學會"". Verified on 2026-06-14: HTTP 200, page loaded successfully, and detected 2 form(s), 8 input field(s), 2 button(s). No data was submitted."
"https://zoomnkfhq.shop","Yes","Fake Shopping Website","Listed on the NPA DNS suspension list; source category: Financial Services/Insurance (2026-05). Page title: ""泌尿科醫學會"". Verified on 2026-06-14: HTTP 200, page loaded successfully, and detected 2 form(s), 8 input field(s), 2 button(s). No data was submitted."
"https://zoolnkfch.shop","Yes","Fake Shopping Website","Listed on the NPA DNS suspension list; source category: Financial Services/Insurance (2026-05). Page title: ""泌尿科醫學會"". Verified on 2026-06-14: HTTP 200, page loaded successfully, and detected 2 form(s), 8 input field(s), 2 button(s). No data was submitted."
"https://maggie-tw.shop","Yes","Fake Shopping Website","Listed on the NPA DNS suspension list; source category: Financial Services/Insurance (2026-05). Page title: ""好購商城"". Verified on 2026-06-14: HTTP 200, page loaded successfully, and detected 1 form(s), 4 input field(s), 2 button(s). No data was submitted."
"https://twhealth.shop","Yes","Fake Shopping Website","Listed on the NPA DNS suspension list; source category: Financial Services/Insurance (2026-05). Page title: ""唯一官方網站，正品無憂，無效承諾三倍退款"". Verified on 2026-06-14: HTTP 200, page loaded successfully, and detected 2 form(s), 8 input field(s), 2 button(s). No data was submitted."
"https://save-bucks.shop","Yes","Fake Shopping Website","Listed on the NPA DNS suspension list; source category: Financial Services/Insurance (2026-04). Page title: ""好購商城"". Verified on 2026-06-14: HTTP 200, page loaded successfully, and detected 1 form(s), 4 input field(s), 2 button(s). No data was submitted."
"https://vitanetlink.com","Yes","Investment/Financial Scam","Listed on the NPA DNS suspension list; source category: Financial Services/Insurance (2026-05). Page title: ""田新股份有限公司｜科技跨域 × 長壽經濟的創新企業｜智慧照護・AOI檢測・健康科技"". Verified on 2026-06-14: HTTP 200, page loaded successfully, and detected 1 form(s), 7 input field(s), 3 button(s). No data was submitted."
"https://xttw1028.tt23.life.cdn.cloudflare.net","Yes","Investment/Financial Scam","Listed on the NPA DNS suspension list; source category: Financial Services/Insurance (2026-05). Page title: ""XT"". Verified on 2026-06-14: HTTP 200, page loaded successfully, and detected 2 form(s), 2 input field(s), 2 button(s). No data was submitted."
"https://layib.store","Yes","Fake Shopping Website","Listed on the NPA DNS suspension list; source category: E-commerce (2026-05). Page title: ""layib.store"". Verified on 2026-06-14: HTTP 200, page loaded successfully, and detected 1 form(s), 5 input field(s). No data was submitted."
"https://uyuya.store","Yes","Fake Shopping Website","Listed on the NPA DNS suspension list; source category: E-commerce (2026-05). Page title: ""uyuya.store"". Verified on 2026-06-14: HTTP 200, page loaded successfully, and detected 1 form(s), 5 input field(s). No data was submitted."
"https://visago360.com","Yes","Investment/Financial Scam","Listed on the NPA DNS suspension list; source category: Financial Services/Insurance (2026-05). Page title: ""VisaGo 360 - Your Visa, Simplified"". Verified on 2026-06-14: HTTP 200, page loaded successfully, and detected 1 form(s), 6 input field(s), 259 button(s). No data was submitted."
"https://twfanzha.com","Yes","Investment/Financial Scam","Listed on the NPA DNS suspension list; source category: Financial Services/Insurance (2026-05). Page title: ""TW反詐 - 民眾通報假投資(博弈)詐騙網站"". Verified on 2026-06-14: HTTP 200, page loaded successfully, and detected 1 form(s), 2 input field(s), 2 button(s). No data was submitted."
"https://gangli-kaimai.com","Yes","Fake Shopping Website","Listed on the NPA DNS suspension list; source category: E-commerce (2026-05). Page title: ""剛力 凱脈 | 官方網站首頁 2026"". Verified on 2026-06-14: HTTP 200, page loaded successfully, and detected 1 form(s), 8 input field(s), 3 button(s). No data was submitted."
"https://xt187612.tt23.life.cdn.cloudflare.net","Yes","Investment/Financial Scam","Listed on the NPA DNS suspension list; source category: Financial Services/Insurance (2026-04). Page title: ""XT"". Verified on 2026-06-14: HTTP 200, page loaded successfully, and detected 2 form(s), 2 input field(s), 2 button(s). No data was submitted."
"https://tw-giveaway-76.com","Yes","Fake Shopping Website","Listed on the NPA DNS suspension list; source category: Financial Services/Insurance (2026-04). Page title: ""TW Giveaway"". Verified on 2026-06-14: HTTP 200, page loaded successfully, and detected 1 form(s), 39 input field(s). No data was submitted."
"https://opmbuencast.mx","Yes","Investment/Financial Scam","Listed on the NPA DNS suspension list; source category: Financial Services/Insurance (2026-04). Page title: ""Hello world! &#8211; My Blog"". Verified on 2026-06-14: HTTP 200, page loaded successfully, and detected 3 form(s), 11 input field(s), 5 button(s). No data was submitted."
"https://gooddaymall.shop","Yes","Fake Shopping Website","Listed on the NPA DNS suspension list; source category: E-commerce (2026-05). Page title: ""晴日購"". Verified on 2026-06-14: HTTP 200, page loaded successfully, and detected 2 form(s), 8 input field(s), 2 button(s). No data was submitted."
"https://yis.homet.shop","Yes","Fake Shopping Website","Listed on the NPA DNS suspension list; source category: E-commerce (2026-05). Page title: ""42 種高人氣多肉植物介紹與照顧方式 | 有肉 SUCCULAND"". Verified on 2026-06-14: HTTP 200, page loaded successfully, and detected 3 form(s), 3 input field(s), 3 button(s). No data was submitted."
"https://www.samsung.com/","No","Not a Scam","Official e-commerce transaction website operated by Samsung. Its legitimate workflow requests Checkout recipient, address, and payment card data. Page title: ""Samsung 台灣 | 智慧手機 | 電視 | 冰箱 洗衣機 吸塵器 空氣清淨機 微波爐"". Verified on 2026-06-14: HTTP 200, page loaded successfully, and detected 7 form(s), 108 input field(s), 61 button(s), 1 select field(s). No data was submitted."
"https://account.battle.net/login/","No","Not a Scam","Official gaming account website operated by Battle.net. Its legitimate workflow requests Gaming account email or phone and password. Page title: ""Battle.net 계정 로그인"". Verified on 2026-06-14: HTTP 200, page loaded successfully, and detected 8 form(s), 67 input field(s), 9 button(s). No data was submitted."
"https://zoom.us/signin","No","Not a Scam","Official account login website operated by Zoom. Its legitimate workflow requests Account email and password. Page title: ""Sign In | Zoom"". Verified on 2026-06-14: HTTP 200, page loaded successfully, and detected 51 input field(s), 3 button(s). No data was submitted."
"https://www.usbank.com/index.html","No","Not a Scam","Official online banking website operated by U.S. Bank. Its legitimate workflow requests Banking username and password. Page title: ""Personal Banking, Credit Cards, Loans & Investing | U.S. Bank"". Verified on 2026-06-14: HTTP 200, page loaded successfully, and detected 1 form(s), 17 input field(s), 59 button(s). No data was submitted."
"https://www.megabank.com.tw/","No","Not a Scam","Official online banking website operated by Mega International Commercial Bank. Its legitimate workflow requests Online banking identity and account credentials. Page title: ""兆豐銀行"". Verified on 2026-06-14: HTTP 200, page loaded successfully, and detected 8 input field(s), 74 button(s). No data was submitted."
"https://www.aa.com/","No","Not a Scam","Official travel transaction website operated by American Airlines. Its legitimate workflow requests Passenger identity, contact, and payment card data. Page title: ""American Airlines - Airline tickets and low fares at aa.com"". Verified on 2026-06-14: HTTP 200, page loaded successfully, and detected 2 form(s), 29 input field(s), 5 button(s), 7 select field(s). No data was submitted."
"https://login.salesforce.com/","No","Not a Scam","Official business account website operated by Salesforce. Its legitimate workflow requests Business account username and password. Page title: ""Login | Salesforce"". Verified on 2026-06-14: HTTP 200, page loaded successfully, and detected 2 form(s), 37 input field(s), 4 button(s). No data was submitted."
"https://www.sc.com/tw/","No","Not a Scam","Official online banking website operated by Standard Chartered Taiwan. Its legitimate workflow requests Online banking identity and account credentials. Page title: ""渣打銀行台灣 &#8211; 渣打銀行台灣"". Verified on 2026-06-14: HTTP 200, page loaded successfully, and detected 25 input field(s), 25 button(s). No data was submitted."
"https://www.taishinbank.com.tw/TSB/personal/","No","Not a Scam","Official online banking website operated by Taishin International Bank. Its legitimate workflow requests Online banking identity and account credentials. Page title: ""個人金融 - 台新銀行"". Verified on 2026-06-14: HTTP 200, page loaded successfully, and detected 5 form(s), 15 input field(s), 10 button(s), 5 select field(s). No data was submitted."
"https://www.pnc.com/en/personal-banking.html","No","Not a Scam","Official online banking website operated by PNC Bank. Its legitimate workflow requests Online banking user ID and password. Page title: ""PNC Personal Banking"". Verified on 2026-06-14: HTTP 200, page loaded successfully, and detected 3 form(s), 16 input field(s), 20 button(s). No data was submitted."
"https://www.wellsfargo.com/","No","Not a Scam","Official online banking website operated by Wells Fargo. Its legitimate workflow requests Online banking username and password. Page title: ""Wells Fargo Bank | Financial Services & Online Banking"". Verified on 2026-06-14: HTTP 200, page loaded successfully, and detected 4 form(s), 15 input field(s), 13 button(s), 1 select field(s). No data was submitted."
"https://www.dell.com/","No","Not a Scam","Official e-commerce transaction website operated by Dell. Its legitimate workflow requests Checkout recipient, address, and payment card data. Page title: ""戴爾-官方網站 | Dell 台灣"". Verified on 2026-06-14: HTTP 200, page loaded successfully, and detected 4 input field(s), 56 button(s). No data was submitted."
"https://www.ebay.com/","No","Not a Scam","Official e-commerce transaction website operated by eBay. Its legitimate workflow requests Shopping account, shipping address, and payment data. Page title: ""Electronics, Cars, Fashion, Collectibles & More | eBay"". Verified on 2026-06-14: HTTP 200, page loaded successfully, and detected 1 form(s), 6 input field(s), 36 button(s), 1 select field(s). No data was submitted."
"https://reg.usps.com/login","No","Not a Scam","Official logistics account website operated by United States Postal Service. Its legitimate workflow requests Shipping account username and password. Page title: ""USPS.com&reg; - Sign In"". Verified on 2026-06-14: HTTP 200, page loaded successfully, and detected 2 form(s), 12 input field(s), 11 button(s). No data was submitted."
"https://github.com/login","No","Not a Scam","Official account login website operated by GitHub. Its legitimate workflow requests Account username or email and password. Page title: ""Sign in to GitHub · GitHub"". Verified on 2026-06-14: HTTP 200, page loaded successfully, and detected 1 form(s), 16 input field(s), 8 button(s). No data was submitted."
"https://www.tdbank.com/","No","Not a Scam","Official online banking website operated by TD Bank. Its legitimate workflow requests Online banking username and password. Page title: ""Online Banking, Loans, Credit Cards & Home Lending | TD Bank"". Verified on 2026-06-14: HTTP 200, page loaded successfully, and detected 1 form(s), 9 input field(s), 15 button(s), 1 text area(s). No data was submitted."
"https://www.hncb.com.tw/","No","Not a Scam","Official online banking website operated by Hua Nan Commercial Bank. Its legitimate workflow requests Online banking identity and account credentials. Page title: ""個人金融：華南銀行"". Verified on 2026-06-14: HTTP 200, page loaded successfully, and detected 1 form(s), 1 input field(s), 30 button(s). No data was submitted."
"https://secure.indeed.com/auth","No","Not a Scam","Official employment account website operated by Indeed. Its legitimate workflow requests Employment account email and password. Page title: ""Sign In | Indeed Accounts"". Verified on 2026-06-14: HTTP 200, page loaded successfully, and detected 3 form(s), 10 input field(s), 4 button(s). No data was submitted."
"https://www.costco.com/LogonForm","No","Not a Scam","Official e-commerce account website operated by Costco. Its legitimate workflow requests Shopping account email and password. Page title: ""Loading..."". Verified on 2026-06-14: HTTP 200, page loaded successfully, and detected 3 form(s), 4 input field(s), 5 button(s), 3 select field(s), 1 text area(s). No data was submitted."
"https://www.firstbank.com.tw/","No","Not a Scam","Official online banking website operated by First Commercial Bank. Its legitimate workflow requests Online banking identity and account credentials. Page title: ""個人金融 | 第一銀行"". Verified on 2026-06-14: HTTP 200, page loaded successfully, and detected 2 form(s), 3 input field(s), 17 button(s). No data was submitted."
"https://www.schwab.com/","No","Not a Scam","Official investment account website operated by Charles Schwab. Its legitimate workflow requests Investment account login credentials. Page title: ""Charles Schwab | A Modern Approach to Investing and Retirement Planning | Charles Schwab"". Verified on 2026-06-14: HTTP 200, page loaded successfully, and detected 1 form(s), 1 input field(s), 23 button(s), 1 select field(s). No data was submitted."
"https://www.americanexpress.com/","No","Not a Scam","Official financial account website operated by American Express. Its legitimate workflow requests Card account username and password. Page title: ""台灣美國運通 | 登入"". Verified on 2026-06-14: HTTP 200, page loaded successfully, and detected 1 form(s), 2 input field(s), 22 button(s). No data was submitted."
"https://secure.login.gov/","No","Not a Scam","Official government identity website operated by Login.gov. Its legitimate workflow requests Government account email and password. Page title: ""Sign in | Login.gov"". Verified on 2026-06-14: HTTP 200, page loaded successfully, and detected 2 form(s), 8 input field(s), 4 button(s). No data was submitted."
"https://www.o-bank.com/","No","Not a Scam","Official online banking website operated by O-Bank. Its legitimate workflow requests Online banking identity and account credentials. Page title: ""王道銀行｜原生數位銀行｜提供個人信貸、房貸、基金投資與保險服務"". Verified on 2026-06-14: HTTP 200, page loaded successfully, and detected 1 form(s), 10 input field(s), 1 select field(s). No data was submitted."
"https://www.capitalone.com/","No","Not a Scam","Official online banking website operated by Capital One. Its legitimate workflow requests Banking username and password. Page title: ""Capital One | Credit Cards, Checking, Savings & Auto Loans"". Verified on 2026-06-14: HTTP 200, page loaded successfully, and detected 2 form(s), 3 input field(s), 11 button(s). No data was submitted."
"https://www.chase.com/","No","Not a Scam","Official online banking website operated by JPMorgan Chase. Its legitimate workflow requests Banking username and password. Page title: ""Credit Card, Mortgage, Banking, Auto | Chase Online | Chase.com"". Verified on 2026-06-14: HTTP 200, page loaded successfully, and detected 1 form(s), 3 input field(s), 13 button(s). No data was submitted."
"https://account.box.com/login","No","Not a Scam","Official account login website operated by Box. Its legitimate workflow requests Account email and password. Page title: ""Box | Login"". Verified on 2026-06-14: HTTP 200, page loaded successfully, and detected 1 form(s), 8 input field(s), 2 button(s). No data was submitted."
"https://appleid.apple.com/sign-in","No","Not a Scam","Official account login website operated by Apple. Its legitimate workflow requests Apple Account email or phone and password. Page title: ""Manage your Apple Account"". Verified on 2026-06-14: HTTP 200, page loaded successfully, and detected 1 form(s), 5 input field(s), 4 button(s). No data was submitted."
"https://www.linkedin.com/login","No","Not a Scam","Official account login website operated by LinkedIn. Its legitimate workflow requests Account email or phone and password. Page title: ""登入 LinkedIn | LinkedIn"". Verified on 2026-06-14: HTTP 200, page loaded successfully, and detected 6 input field(s), 6 button(s). No data was submitted."
"https://has.nlma.gov.tw/house300e/member/login","No","Not a Scam","Official government benefits website operated by National Land Management Agency, Taiwan. Its legitimate workflow requests National ID number and National Health Insurance card number. Page title: ""線上申請 | 300億元中央擴大租金補貼專案"". Verified on 2026-06-14: HTTP 200, page loaded successfully, and detected 1 form(s), 6 input field(s), 1 button(s). No data was submitted."
"https://www.airbnb.com/login","No","Not a Scam","Official travel account website operated by Airbnb. Its legitimate workflow requests Travel account phone, email, or identity credentials. Page title: ""Log In / Sign Up - Airbnb"". Verified on 2026-06-14: HTTP 200, page loaded successfully, and detected 1 form(s), 1 input field(s), 10 button(s). No data was submitted."
"https://login.yahoo.com/","No","Not a Scam","Official account login website operated by Yahoo. Its legitimate workflow requests Account username, email, or phone and password. Page title: ""Login - Sign in to Yahoo"". Verified on 2026-06-14: HTTP 200, page loaded successfully, and detected 1 form(s), 6 input field(s), 2 button(s). No data was submitted."
"https://www.coursera.org/?authMode=login","No","Not a Scam","Official education account website operated by Coursera. Its legitimate workflow requests Education account email and password. Page title: ""Coursera | Online Courses & Credentials From Top Educators. Join for Free"". Verified on 2026-06-14: HTTP 200, page loaded successfully, and detected 1 form(s), 1 input field(s), 10 button(s). No data was submitted."
"https://www.facebook.com/login/","No","Not a Scam","Official account login website operated by Facebook. Its legitimate workflow requests Account email or phone and password. Page title: ""Facebook"". Verified on 2026-06-14: HTTP 200, page loaded successfully, and detected 1 form(s), 4 input field(s). No data was submitted."
"https://account.lyft.com/auth","No","Not a Scam","Official transportation account website operated by Lyft. Its legitimate workflow requests Transportation account phone number. Page title: ""Log in"". Verified on 2026-06-14: HTTP 200, page loaded successfully, and detected 1 form(s), 2 input field(s), 4 button(s), 1 select field(s). No data was submitted."
"https://www.hp.com/","No","Not a Scam","Official e-commerce transaction website operated by HP. Its legitimate workflow requests Checkout recipient, address, and payment card data. Page title: ""筆記型電腦、桌上型電腦、印表機等 | HP® 惠普台灣"". Verified on 2026-06-14: HTTP 200, page loaded successfully, and detected 3 input field(s), 6 button(s). No data was submitted."
"https://www.landbank.com.tw/","No","Not a Scam","Official online banking website operated by Land Bank of Taiwan. Its legitimate workflow requests Online banking identity and account credentials. Page title: ""臺灣土地銀行"". Verified on 2026-06-14: HTTP 200, page loaded successfully, and detected 1 form(s), 2 input field(s), 3 button(s). No data was submitted."
"https://www.uber.com/global/en/sign-in/","No","Not a Scam","Official transportation account website operated by Uber. Its legitimate workflow requests Transportation account phone or email. Page title: ""Uber Login | Uber Official Site"". Verified on 2026-06-14: HTTP 200, page loaded successfully, and detected 1 input field(s), 10 button(s). No data was submitted."
"https://www.dbs.com.tw/","No","Not a Scam","Official online banking website operated by DBS Taiwan. Its legitimate workflow requests Online banking identity and account credentials. Page title: ""DBS Bank | Taiwan"". Verified on 2026-06-14: HTTP 200, page loaded successfully, and detected 1 input field(s), 10 button(s). No data was submitted."
"https://www.instacart.com/login","No","Not a Scam","Official delivery account website operated by Instacart. Its legitimate workflow requests Delivery account email or phone and password. Page title: ""Instacart Login | Online Account Access | Instacart"". Verified on 2026-06-14: HTTP 200, page loaded successfully, and detected 1 form(s), 1 input field(s), 5 button(s). No data was submitted."
"https://www.instagram.com/accounts/login/","No","Not a Scam","Official account login website operated by Instagram. Its legitimate workflow requests Account username and password. Page title: ""Instagram"". Verified on 2026-06-14: HTTP 200, page loaded successfully, and detected 1 form(s), 3 input field(s). No data was submitted."
"https://account.docusign.com/","No","Not a Scam","Official business account website operated by DocuSign. Its legitimate workflow requests Document signing account email and password. Page title: ""Docusign"". Verified on 2026-06-14: HTTP 200, page loaded successfully, and detected 1 form(s), 2 input field(s). No data was submitted."
"https://www.fubon.com/banking/personal/","No","Not a Scam","Official online banking website operated by Taipei Fubon Bank. Its legitimate workflow requests Online banking identity and account credentials. Page title: ""個人金融-台北富邦銀行"". Verified on 2026-06-14: HTTP 200, page loaded successfully, and detected 2 input field(s), 1 button(s). No data was submitted."
"https://www.momoshop.com.tw/","No","Not a Scam","Official e-commerce transaction website operated by momo Shopping. Its legitimate workflow requests Checkout recipient, address, and payment card data. Page title: ""momo購物網 - 好評推薦 - 2026年6月"". Verified on 2026-06-14: HTTP 200, page loaded successfully, and detected 1 input field(s), 3 button(s). No data was submitted."
"https://www.esunbank.com/zh-tw/personal","No","Not a Scam","Official online banking website operated by E.SUN Bank. Its legitimate workflow requests Online banking identity and account credentials. Page title: ""個人金融 - 玉山銀行"". Verified on 2026-06-14: HTTP 200, page loaded successfully, and detected 3 button(s). No data was submitted."
"https://www.tcb-bank.com.tw/","No","Not a Scam","Official online banking website operated by Taiwan Cooperative Bank. Its legitimate workflow requests Online banking identity and account credentials. Page title: ""個人金融 | 合作金庫商業銀行官方網站"". Verified on 2026-06-14: HTTP 200, page loaded successfully, and detected 1 input field(s), 1 button(s). No data was submitted."
"https://www.lenovo.com/","No","Not a Scam","Official e-commerce transaction website operated by Lenovo. Its legitimate workflow requests Checkout recipient, address, and payment card data. Page title: ""Lenovo® 台灣網站 | 筆記本電腦、台式電腦、平板電腦、數據中心 | 台灣 聯想"". Verified on 2026-06-14: HTTP 200, page loaded successfully, and detected 1 button(s). No data was submitted."
"https://login.live.com/","No","Not a Scam","Official account login website operated by Microsoft. Its legitimate workflow requests Account email or phone and password. Page title: ""Sign in to your Microsoft account"". Verified on 2026-06-14: HTTP 200, page loaded successfully, and detected 1 input field(s). No data was submitted."
"https://www.eventbrite.com/signin/","No","Not a Scam","Official ticketing account website operated by Eventbrite. Its legitimate workflow requests Ticketing account email and password. Page title: ""Eventbrite - Log In and Sign In"". Verified on 2026-06-14: HTTP 200, page loaded successfully, and detected 1 input field(s). No data was submitted."
"https://wise.com/login/","No","Not a Scam","Official payment account website operated by Wise. Its legitimate workflow requests Payment account email and password. Page title: ""Wise - Login"". Verified on 2026-06-14: HTTP 200, page loaded successfully, and detected 1 button(s). No data was submitted."
